gameId,week,homeTeamAbbr,visitorTeamAbbr,homeScore,visitorScore
2021090900,1,TB,DAL,31,29
2021091200,1,ATL,PHI,6,32
2021091201,1,BUF,PIT,16,23
2021091202,1,CAR,NYJ,19,14
2021091203,1,CIN,MIN,27,24
2021091204,1,DET,SF,33,41
2021091205,1,HOU,JAX,37,21
2021091206,1,IND,SEA,16,28
2021091207,1,TEN,ARI,13,38
2021091208,1,WAS,LAC,16,20
2021091209,1,KC,CLE,33,29
2021091210,1,NE,MIA,16,17
2021091211,1,NO,GB,38,3
2021091212,1,NYG,DEN,13,27
2021091213,1,LA,CHI,34,14
2021091300,1,LV,BAL,33,27
2021091600,2,WAS,NYG,30,29
2021091900,2,CAR,NO,26,7
2021091901,2,CHI,CIN,20,17
2021091902,2,CLE,HOU,31,21
2021091903,2,IND,LA,24,27
2021091904,2,JAX,DEN,13,23
2021091905,2,MIA,BUF,0,35
2021091906,2,NYJ,NE,6,25
2021091907,2,PHI,SF,11,17
2021091908,2,PIT,LV,17,26
2021091909,2,ARI,MIN,34,33
2021091910,2,TB,ATL,48,25
2021091911,2,LAC,DAL,17,20
2021091912,2,SEA,TEN,30,33
2021091913,2,BAL,KC,36,35
2021092000,2,GB,DET,35,17
2021092300,3,HOU,CAR,9,24
2021092600,3,BUF,WAS,43,21
2021092601,3,CLE,CHI,26,6
2021092602,3,DET,BAL,17,19
2021092603,3,JAX,ARI,19,31
2021092604,3,KC,LAC,24,30
2021092605,3,NE,NO,13,28
2021092606,3,NYG,ATL,14,17
2021092607,3,PIT,CIN,10,24
2021092608,3,TEN,IND,25,16
2021092609,3,DEN,NYJ,26,0
2021092610,3,LV,MIA,31,28
2021092611,3,LA,TB,34,24
2021092612,3,MIN,SEA,30,17
2021092613,3,SF,GB,28,30
2021092700,3,DAL,PHI,41,21
2021093000,4,CIN,JAX,24,21
2021100300,4,ATL,WAS,30,34
2021100301,4,BUF,HOU,40,0
2021100302,4,CHI,DET,24,14
2021100303,4,DAL,CAR,36,28
2021100304,4,MIA,IND,17,27
2021100305,4,MIN,CLE,7,14
2021100306,4,NO,NYG,21,27
2021100307,4,NYJ,TEN,27,24
2021100308,4,PHI,KC,30,42
2021100309,4,LA,ARI,20,37
2021100310,4,SF,SEA,21,28
2021100311,4,DEN,BAL,7,23
2021100312,4,GB,PIT,27,17
2021100313,4,NE,TB,17,19
2021100400,4,LAC,LV,28,14
2021100700,5,SEA,LA,17,26
2021101000,5,ATL,NYJ,27,20
2021101001,5,CAR,PHI,18,21
2021101002,5,CIN,GB,22,25
2021101003,5,HOU,NE,22,25
2021101004,5,JAX,TEN,19,37
2021101005,5,MIN,DET,19,17
2021101006,5,PIT,DEN,27,19
2021101007,5,TB,MIA,45,17
2021101008,5,WAS,NO,22,33
2021101009,5,LAC,CLE,47,42
2021101010,5,LV,CHI,9,20
2021101011,5,ARI,SF,17,10
2021101012,5,DAL,NYG,44,20
2021101013,5,KC,BUF,20,38
2021101100,5,BAL,IND,31,25
2021101400,6,PHI,TB,22,28
2021101700,6,JAX,MIA,23,20
2021101701,6,BAL,LAC,34,6
2021101702,6,CAR,MIN,28,34
2021101703,6,CHI,GB,14,24
2021101704,6,DET,CIN,11,34
2021101705,6,IND,HOU,31,3
2021101706,6,NYG,LA,11,38
2021101707,6,WAS,KC,13,31
2021101708,6,CLE,ARI,14,37
2021101709,6,DEN,LV,24,34
2021101710,6,NE,DAL,29,35
2021101711,6,PIT,SEA,23,20
2021101800,6,TEN,BUF,34,31
2021102100,7,CLE,DEN,17,14
2021102400,7,BAL,CIN,17,41
2021102401,7,GB,WAS,24,10
2021102402,7,MIA,ATL,28,30
2021102403,7,NE,NYJ,54,13
2021102404,7,NYG,CAR,25,3
2021102405,7,TEN,KC,27,3
2021102406,7,LA,DET,28,19
2021102407,7,LV,PHI,33,22
2021102408,7,ARI,HOU,31,5
2021102409,7,TB,CHI,38,3
2021102410,7,SF,IND,18,30
2021102500,7,SEA,NO,10,13
2021102800,8,ARI,GB,21,24
2021103100,8,ATL,CAR,13,19
2021103101,8,BUF,MIA,26,11
2021103102,8,CHI,SF,22,33
2021103103,8,CLE,PIT,10,15
2021103104,8,DET,PHI,6,44
2021103105,8,HOU,LA,22,38
2021103106,8,IND,TEN,31,34
2021103107,8,NYJ,CIN,34,31
2021103108,8,LAC,NE,24,27
2021103109,8,SEA,JAX,31,7
2021103110,8,DEN,WAS,17,10
2021103111,8,NO,TB,36,27
2021103112,8,MIN,DAL,16,20
2021110100,8,KC,NYG,20,17
